{
    " ": {},
    "H": {},
    "He": {},
    "Li": {
        "Ka1": 199262.177552
    },
    "Be": {
        "Ka1": 1973.302465
    },
    "B": {
        "Ka1": 21.236611
    },
    "C": {
        "Ka1": 4.535546
    },
    "N": {
        "Ka1": 3.377151
    },
    "O": {
        "Ka1": 1.684306
    },
    "F": {
        "Ka1": 1.373522
    },
    "Ne": {
        "Ka1": 0.840958
    },
    "Na": {
        "Ka1": 0.831523
    },
    "Mg": {
        "Ka1": 0.874677
    },
    "Al": {
        "Ka1": 0.941517
    },
    "Si": {
        "Ka1": 1.0
    },
    "P": {
        "Ka1": 1.122608
    },
    "S": {
        "Ka1": 1.110361
    },
    "Cl": {
        "Ka1": 1.194206
    },
    "Ar": {
        "Ka1": 1.349923
    },
    "K": {
        "Ka1": 1.328187
    },
    "Ca": {
        "Ka1": 1.483277,
        "La1": 113.108097
    },
    "Sc": {
        "Ka1": 1.602258,
        "La1": 41.605292
    },
    "Ti": {
        "Ka1": 1.71501,
        "La1": 27.954441
    },
    "V": {
        "Ka1": 1.892748,
        "La1": 10.132078
    },
    "Cr": {
        "Ka1": 2.048776,
        "La1": 7.036955
    },
    "Mn": {
        "Ka1": 2.340459,
        "La1": 4.310913
    },
    "Fe": {
        "Ka1": 2.606972,
        "La1": 2.444223
    },
    "Co": {
        "Ka1": 3.077673,
        "La1": 2.067716
    },
    "Ni": {
        "Ka1": 3.495325,
        "La1": 1.60208
    },
    "Cu": {
        "Ka1": 4.412295,
        "La1": 1.488841
    },
    "Zn": {
        "Ka1": 5.461802,
        "La1": 1.550826
    },
    "Ga": {
        "Ka1": 7.376061,
        "La1": 1.897749
    },
    "Ge": {
        "Ka1": 10.032011,
        "La1": 1.864729
    },
    "As": {
        "Ka1": 14.491505,
        "La1": 1.967999
    },
    "Se": {
        "Ka1": 23.254402,
        "La1": 2.015297
    },
    "Br": {
        "Ka1": 41.610524,
        "La1": 2.005668
    },
    "Kr": {
        "Ka1": 115.321809,
        "La1": 2.194932
    },
    "Rb": {
        "La1": 2.211374
    },
    "Sr": {
        "La1": 2.284514
    },
    "Y": {
        "La1": 2.494853
    },
    "Zr": {
        "La1": 2.548675
    },
    "Nb": {
        "La1": 2.532632
    },
    "Mo": {
        "La1": 2.615935
    },
    "Tc": {
        "La1": 2.834647
    },
    "Ru": {
        "La1": 2.844732
    },
    "Rh": {
        "La1": 3.041667
    },
    "Pd": {
        "La1": 3.231271
    },
    "Ag": {
        "La1": 3.37093
    },
    "Cd": {
        "La1": 3.60242
    },
    "In": {
        "La1": 3.674909
    },
    "Sn": {
        "La1": 4.221025
    },
    "Sb": {
        "La1": 4.467568
    },
    "Te": {
        "La1": 4.775087
    },
    "I": {
        "La1": 4.866844
    },
    "Xe": {
        "La1": 5.124484
    },
    "Cs": {
        "La1": 5.29609
    },
    "Ba": {
        "La1": 5.603956,
        "Ma1": 222.405322
    },
    "La": {
        "La1": 5.744466,
        "Ma1": 31.946308
    },
    "Ce": {
        "La1": 5.911067,
        "Ma1": 19.02951
    },
    "Pr": {
        "La1": 6.075075,
        "Ma1": 14.789764
    },
    "Nd": {
        "La1": 6.36596,
        "Ma1": 9.884889
    },
    "Pm": {
        "La1": 6.590853,
        "Ma1": 7.430596
    },
    "Sm": {
        "La1": 7.151109,
        "Ma1": 7.121813
    },
    "Eu": {
        "La1": 7.43809,
        "Ma1": 5.339695
    },
    "Gd": {
        "La1": 7.952907,
        "Ma1": 2.544709
    },
    "Tb": {
        "La1": 8.28573,
        "Ma1": 4.030943
    },
    "Dy": {
        "La1": 8.717727,
        "Ma1": 3.432336
    },
    "Ho": {
        "La1": 9.253349,
        "Ma1": 3.200858
    },
    "Er": {
        "La1": 9.753814,
        "Ma1": 2.946294
    },
    "Tm": {
        "La1": 10.364749,
        "Ma1": 2.537735
    },
    "Yb": {
        "La1": 10.795824,
        "Ma1": 2.447215
    },
    "Lu": {
        "La1": 12.124845,
        "Ma1": 1.836377
    },
    "Hf": {
        "La1": 13.264358,
        "Ma1": 1.785975
    },
    "Ta": {
        "La1": 14.453763,
        "Ma1": 1.728186
    },
    "W": {
        "La1": 15.922485,
        "Ma1": 1.713441
    },
    "Re": {
        "La1": 17.311129,
        "Ma1": 2.418239
    },
    "Os": {
        "La1": 19.130146,
        "Ma1": 0.771448
    },
    "Ir": {
        "La1": 21.189236,
        "Ma1": 1.351382
    },
    "Pt": {
        "La1": 24.215423,
        "Ma1": 1.531165
    },
    "Au": {
        "La1": 27.599766,
        "Ma1": 1.64444
    },
    "Hg": {
        "La1": 32.728714,
        "Ma1": 2.108359
    },
    "Tl": {
        "La1": 39.944821,
        "Ma1": 3.103255
    },
    "Pb": {
        "La1": 50.134088,
        "Ma1": 3.628711
    },
    "Bi": {
        "La1": 65.687828,
        "Ma1": 3.829851
    }
}